name,value,type,action,profile,reason
ASPD_SCALE,1.000000000000000000,9,exclude,,not selected by FS150 SITL policy
BAT1_A_PER_V,17.000000000000000000,9,exclude,,hardware-specific secondary battery settings are not valid for Gazebo
BAT1_CAPACITY,-1.000000000000000000,9,exclude,,hardware-specific secondary battery settings are not valid for Gazebo
BAT1_I_CHANNEL,-1,6,exclude,,hardware-specific secondary battery settings are not valid for Gazebo
BAT1_N_CELLS,3,6,exclude,,hardware-specific secondary battery settings are not valid for Gazebo
BAT1_R_INTERNAL,-1.000000000000000000,9,exclude,,hardware-specific secondary battery settings are not valid for Gazebo
BAT1_SOURCE,0,6,exclude,,hardware-specific secondary battery settings are not valid for Gazebo
BAT1_V_CHANNEL,-1,6,exclude,,hardware-specific secondary battery settings are not valid for Gazebo
BAT1_V_CHARGED,4.349999904632568359,9,exclude,,hardware-specific secondary battery settings are not valid for Gazebo
BAT1_V_DIV,19.269018173217773438,9,exclude,,hardware-specific secondary battery settings are not valid for Gazebo
BAT1_V_EMPTY,3.599999904632568359,9,exclude,,hardware-specific secondary battery settings are not valid for Gazebo
BAT1_V_LOAD_DROP,0.300000011920928955,9,exclude,,hardware-specific secondary battery settings are not valid for Gazebo
BAT_ADC_CHANNEL,-1,6,exclude,,not selected by FS150 SITL policy
BAT_A_PER_V,17.000000000000000000,9,exclude,,hardware battery ADC scaling is not valid for Gazebo
BAT_CAPACITY,-1.000000000000000000,9,exclude,,hardware battery ADC scaling is not valid for Gazebo
BAT_CRIT_THR,0.070000000298023224,9,include,power,matched power:BAT_CRIT_THR
BAT_EMERGEN_THR,0.050000000745058060,9,include,power,matched power:BAT_EMERGEN_THR
BAT_LOW_THR,0.150000005960464478,9,include,power,matched power:BAT_LOW_THR
BAT_N_CELLS,3,6,include,power,matched power:BAT_N_CELLS
BAT_R_INTERNAL,-1.000000000000000000,9,exclude,,not selected by FS150 SITL policy
BAT_SOURCE,0,6,exclude,,hardware battery ADC scaling is not valid for Gazebo
BAT_V_CHARGED,4.349999904632568359,9,include,power,matched power:BAT_V_CHARGED
BAT_V_DIV,19.269018173217773438,9,exclude,,hardware battery ADC scaling is not valid for Gazebo
BAT_V_EMPTY,3.599999904632568359,9,include,power,matched power:BAT_V_EMPTY
BAT_V_LOAD_DROP,0.300000011920928955,9,exclude,,not selected by FS150 SITL policy
BAT_V_OFFS_CURR,0.000000000000000000,9,exclude,,not selected by FS150 SITL policy
CAL_ACC0_ID,6946826,6,exclude,,hardware calibration belongs to the Gazebo/SITL sensor model
CAL_ACC0_PRIO,50,6,exclude,,hardware calibration belongs to the Gazebo/SITL sensor model
CAL_ACC0_ROT,-1,6,exclude,,hardware calibration belongs to the Gazebo/SITL sensor model
CAL_ACC0_XOFF,0.018558030948042870,9,exclude,,hardware calibration belongs to the Gazebo/SITL sensor model
CAL_ACC0_XSCALE,0.994249224662780762,9,exclude,,hardware calibration belongs to the Gazebo/SITL sensor model
CAL_ACC0_YOFF,-0.152910232543945313,9,exclude,,hardware calibration belongs to the Gazebo/SITL sensor model
CAL_ACC0_YSCALE,0.991756856441497803,9,exclude,,hardware calibration belongs to the Gazebo/SITL sensor model
CAL_ACC0_ZOFF,-0.065451145172119141,9,exclude,,hardware calibration belongs to the Gazebo/SITL sensor model
CAL_ACC0_ZSCALE,0.996204018592834473,9,exclude,,hardware calibration belongs to the Gazebo/SITL sensor model
CAL_ACC1_ID,2490378,6,exclude,,hardware calibration belongs to the Gazebo/SITL sensor model
CAL_ACC1_PRIO,50,6,exclude,,hardware calibration belongs to the Gazebo/SITL sensor model
CAL_ACC1_ROT,-1,6,exclude,,hardware calibration belongs to the Gazebo/SITL sensor model
CAL_ACC1_XOFF,-0.000972270965576172,9,exclude,,hardware calibration belongs to the Gazebo/SITL sensor model
CAL_ACC1_XSCALE,1.000000000000000000,9,exclude,,hardware calibration belongs to the Gazebo/SITL sensor model
CAL_ACC1_YOFF,0.003077507019042969,9,exclude,,hardware calibration belongs to the Gazebo/SITL sensor model
CAL_ACC1_YSCALE,1.000000000000000000,9,exclude,,hardware calibration belongs to the Gazebo/SITL sensor model
CAL_ACC1_ZOFF,0.112415313720703125,9,exclude,,hardware calibration belongs to the Gazebo/SITL sensor model
CAL_ACC1_ZSCALE,1.000000000000000000,9,exclude,,hardware calibration belongs to the Gazebo/SITL sensor model
CAL_ACC2_ID,0,6,exclude,,hardware calibration belongs to the Gazebo/SITL sensor model
CAL_ACC3_ID,0,6,exclude,,hardware calibration belongs to the Gazebo/SITL sensor model
CAL_AIR_CMODEL,0,6,exclude,,hardware calibration belongs to the Gazebo/SITL sensor model
CAL_AIR_TUBED_MM,1.500000000000000000,9,exclude,,hardware calibration belongs to the Gazebo/SITL sensor model
CAL_AIR_TUBELEN,0.200000002980232239,9,exclude,,hardware calibration belongs to the Gazebo/SITL sensor model
CAL_GYRO0_ID,6684682,6,exclude,,hardware calibration belongs to the Gazebo/SITL sensor model
CAL_GYRO0_PRIO,50,6,exclude,,hardware calibration belongs to the Gazebo/SITL sensor model
CAL_GYRO0_ROT,-1,6,exclude,,hardware calibration belongs to the Gazebo/SITL sensor model
CAL_GYRO0_XOFF,0.006760748103260994,9,exclude,,hardware calibration belongs to the Gazebo/SITL sensor model
CAL_GYRO0_YOFF,-0.001349882921203971,9,exclude,,hardware calibration belongs to the Gazebo/SITL sensor model
CAL_GYRO0_ZOFF,0.000827742216642946,9,exclude,,hardware calibration belongs to the Gazebo/SITL sensor model
CAL_GYRO1_ID,2490378,6,exclude,,hardware calibration belongs to the Gazebo/SITL sensor model
CAL_GYRO1_PRIO,50,6,exclude,,hardware calibration belongs to the Gazebo/SITL sensor model
CAL_GYRO1_ROT,-1,6,exclude,,hardware calibration belongs to the Gazebo/SITL sensor model
CAL_GYRO1_XOFF,-0.002458440139889717,9,exclude,,hardware calibration belongs to the Gazebo/SITL sensor model
CAL_GYRO1_YOFF,-0.015465410426259041,9,exclude,,hardware calibration belongs to the Gazebo/SITL sensor model
CAL_GYRO1_ZOFF,0.003477610414847732,9,exclude,,hardware calibration belongs to the Gazebo/SITL sensor model
CAL_GYRO2_ID,0,6,exclude,,hardware calibration belongs to the Gazebo/SITL sensor model
CAL_GYRO3_ID,0,6,exclude,,hardware calibration belongs to the Gazebo/SITL sensor model
CAL_MAG0_ID,396809,6,exclude,,hardware calibration belongs to the Gazebo/SITL sensor model
CAL_MAG0_PRIO,75,6,exclude,,hardware calibration belongs to the Gazebo/SITL sensor model
CAL_MAG0_ROT,4,6,exclude,,hardware calibration belongs to the Gazebo/SITL sensor model
CAL_MAG0_XCOMP,0.000000000000000000,9,exclude,,hardware calibration belongs to the Gazebo/SITL sensor model
CAL_MAG0_XODIAG,0.257161617279052734,9,exclude,,hardware calibration belongs to the Gazebo/SITL sensor model
CAL_MAG0_XOFF,-1.202582240104675293,9,exclude,,hardware calibration belongs to the Gazebo/SITL sensor model
CAL_MAG0_XSCALE,0.622476100921630859,9,exclude,,hardware calibration belongs to the Gazebo/SITL sensor model
CAL_MAG0_YCOMP,0.000000000000000000,9,exclude,,hardware calibration belongs to the Gazebo/SITL sensor model
CAL_MAG0_YODIAG,0.071850642561912537,9,exclude,,hardware calibration belongs to the Gazebo/SITL sensor model
CAL_MAG0_YOFF,1.216563820838928223,9,exclude,,hardware calibration belongs to the Gazebo/SITL sensor model
CAL_MAG0_YSCALE,0.434656292200088501,9,exclude,,hardware calibration belongs to the Gazebo/SITL sensor model
CAL_MAG0_ZCOMP,0.000000000000000000,9,exclude,,hardware calibration belongs to the Gazebo/SITL sensor model
CAL_MAG0_ZODIAG,-0.093813203275203705,9,exclude,,hardware calibration belongs to the Gazebo/SITL sensor model
CAL_MAG0_ZOFF,0.604580044746398926,9,exclude,,hardware calibration belongs to the Gazebo/SITL sensor model
CAL_MAG0_ZSCALE,0.514073431491851807,9,exclude,,hardware calibration belongs to the Gazebo/SITL sensor model
CAL_MAG1_ID,0,6,exclude,,hardware calibration belongs to the Gazebo/SITL sensor model
CAL_MAG1_ROT,-1,6,exclude,,hardware calibration belongs to the Gazebo/SITL sensor model
CAL_MAG2_ID,0,6,exclude,,hardware calibration belongs to the Gazebo/SITL sensor model
CAL_MAG2_ROT,-1,6,exclude,,hardware calibration belongs to the Gazebo/SITL sensor model
CAL_MAG3_ID,0,6,exclude,,hardware calibration belongs to the Gazebo/SITL sensor model
CAL_MAG3_ROT,-1,6,exclude,,hardware calibration belongs to the Gazebo/SITL sensor model
CAL_MAG_COMP_TYP,0,6,exclude,,hardware calibration belongs to the Gazebo/SITL sensor model
CAL_MAG_ROT_AUTO,1,6,exclude,,hardware calibration belongs to the Gazebo/SITL sensor model
CAL_MAG_SIDES,63,6,exclude,,hardware calibration belongs to the Gazebo/SITL sensor model
CAM_CAP_FBACK,0,6,exclude,,not selected by FS150 SITL policy
CBRK_AIRSPD_CHK,0,6,exclude,,not selected by FS150 SITL policy
CBRK_BUZZER,0,6,exclude,,not selected by FS150 SITL policy
CBRK_ENGINEFAIL,284953,6,exclude,,not selected by FS150 SITL policy
CBRK_FLIGHTTERM,121212,6,exclude,,not selected by FS150 SITL policy
CBRK_RATE_CTRL,0,6,exclude,,not selected by FS150 SITL policy
CBRK_SUPPLY_CHK,0,6,exclude,,not selected by FS150 SITL policy
CBRK_USB_CHK,197848,6,exclude,,not selected by FS150 SITL policy
CBRK_VELPOSERR,0,6,exclude,,not selected by FS150 SITL policy
CBRK_VTOLARMING,0,6,exclude,,not selected by FS150 SITL policy
COM_ARM_AUTH_ID,10,6,exclude,,not selected by FS150 SITL policy
COM_ARM_AUTH_MET,0,6,exclude,,not selected by FS150 SITL policy
COM_ARM_AUTH_REQ,0,6,exclude,,not selected by FS150 SITL policy
COM_ARM_AUTH_TO,1.000000000000000000,9,exclude,,not selected by FS150 SITL policy
COM_ARM_CHK_ESCS,0,6,exclude,,not selected by FS150 SITL policy
COM_ARM_EKF_HGT,1.000000000000000000,9,exclude,,not selected by FS150 SITL policy
COM_ARM_EKF_POS,0.500000000000000000,9,exclude,,not selected by FS150 SITL policy
COM_ARM_EKF_VEL,0.500000000000000000,9,exclude,,not selected by FS150 SITL policy
COM_ARM_EKF_YAW,0.500000000000000000,9,exclude,,not selected by FS150 SITL policy
COM_ARM_IMU_ACC,0.699999988079071045,9,exclude,,not selected by FS150 SITL policy
COM_ARM_IMU_GYR,0.250000000000000000,9,exclude,,not selected by FS150 SITL policy
COM_ARM_MAG_ANG,45,6,exclude,,not selected by FS150 SITL policy
COM_ARM_MAG_STR,1,6,exclude,,not selected by FS150 SITL policy
COM_ARM_MIS_REQ,0,6,exclude,,not selected by FS150 SITL policy
COM_ARM_SDCARD,1,6,exclude,,not selected by FS150 SITL policy
COM_ARM_SWISBTN,0,6,exclude,,not selected by FS150 SITL policy
COM_ARM_WO_GPS,1,6,exclude,,not selected by FS150 SITL policy
COM_CPU_MAX,90.000000000000000000,9,exclude,,not selected by FS150 SITL policy
COM_DISARM_LAND,1.000000000000000000,9,include,safety,matched safety:COM_DISARM_LAND
COM_DISARM_PRFLT,10.000000000000000000,9,exclude,,not selected by FS150 SITL policy
COM_DL_LOSS_T,5,6,include,safety,matched safety:COM_DL_LOSS_T
COM_EF_C2T,5.000000000000000000,9,exclude,,not selected by FS150 SITL policy
COM_EF_THROT,0.500000000000000000,9,exclude,,not selected by FS150 SITL policy
COM_EF_TIME,10.000000000000000000,9,exclude,,not selected by FS150 SITL policy
COM_FLIGHT_UUID,454,6,exclude,,not selected by FS150 SITL policy
COM_FLTMODE1,8,6,exclude,,not selected by FS150 SITL policy
COM_FLTMODE2,-1,6,exclude,,not selected by FS150 SITL policy
COM_FLTMODE3,-1,6,exclude,,not selected by FS150 SITL policy
COM_FLTMODE4,1,6,exclude,,not selected by FS150 SITL policy
COM_FLTMODE5,-1,6,exclude,,not selected by FS150 SITL policy
COM_FLTMODE6,2,6,exclude,,not selected by FS150 SITL policy
COM_FLT_PROFILE,0,6,exclude,,not selected by FS150 SITL policy
COM_HLDL_LOSS_T,120,6,exclude,,not selected by FS150 SITL policy
COM_HLDL_REG_T,0,6,exclude,,not selected by FS150 SITL policy
COM_HOME_H_T,5.000000000000000000,9,exclude,,not selected by FS150 SITL policy
COM_HOME_IN_AIR,0,6,exclude,,not selected by FS150 SITL policy
COM_HOME_V_T,10.000000000000000000,9,exclude,,not selected by FS150 SITL policy
COM_KILL_DISARM,0.000000000000000000,9,include,safety,matched safety:COM_KILL_DISARM
COM_LKDOWN_TKO,3.000000000000000000,9,exclude,,not selected by FS150 SITL policy
COM_LOW_BAT_ACT,2,6,include,power,matched power:COM_LOW_BAT_ACT
COM_MOT_TEST_EN,1,6,exclude,,not selected by FS150 SITL policy
COM_OBC_LOSS_T,5.000000000000000000,9,exclude,,not selected by FS150 SITL policy
COM_OBL_ACT,0,6,exclude,,not selected by FS150 SITL policy
COM_OBL_RC_ACT,0,6,exclude,,not selected by FS150 SITL policy
COM_OBS_AVOID,0,6,exclude,,not selected by FS150 SITL policy
COM_OF_LOSS_T,1.000000000000000000,9,exclude,,not selected by FS150 SITL policy
COM_POSCTL_NAVL,0,6,exclude,,not selected by FS150 SITL policy
COM_POS_FS_DELAY,1,6,exclude,,not selected by FS150 SITL policy
COM_POS_FS_EPH,5.000000000000000000,9,exclude,,not selected by FS150 SITL policy
COM_POS_FS_EPV,10.000000000000000000,9,exclude,,not selected by FS150 SITL policy
COM_POS_FS_GAIN,10,6,exclude,,not selected by FS150 SITL policy
COM_POS_FS_PROB,30,6,exclude,,not selected by FS150 SITL policy
COM_POWER_COUNT,1,6,exclude,,not selected by FS150 SITL policy
COM_PREARM_MODE,0,6,exclude,,not selected by FS150 SITL policy
COM_RCL_ACT_T,15.000000000000000000,9,exclude,,not selected by FS150 SITL policy
COM_RCL_EXCEPT,0,6,exclude,,not selected by FS150 SITL policy
COM_RC_ARM_HYST,1000,6,exclude,,RC simulation is not part of this wrapper
COM_RC_IN_MODE,0,6,exclude,,RC simulation is not part of this wrapper
COM_RC_LOSS_T,0.500000000000000000,9,exclude,,RC simulation is not part of this wrapper
COM_RC_OVERRIDE,1,6,exclude,,RC simulation is not part of this wrapper
COM_RC_STICK_OV,30.000000000000000000,9,exclude,,RC simulation is not part of this wrapper
COM_REARM_GRACE,1,6,exclude,,not selected by FS150 SITL policy
COM_TAKEOFF_ACT,0,6,exclude,,not selected by FS150 SITL policy
COM_VEL_FS_EVH,1.000000000000000000,9,exclude,,not selected by FS150 SITL policy
CP_DELAY,0.400000005960464478,9,exclude,,not selected by FS150 SITL policy
CP_DIST,-1.000000000000000000,9,exclude,,not selected by FS150 SITL policy
CP_GO_NO_DATA,0,6,exclude,,not selected by FS150 SITL policy
CP_GUIDE_ANG,30.000000000000000000,9,exclude,,not selected by FS150 SITL policy
EKF2_ABIAS_INIT,0.200000002980232239,9,exclude,,not selected by FS150 SITL policy
EKF2_ABL_ACCLIM,25.000000000000000000,9,exclude,,not selected by FS150 SITL policy
EKF2_ABL_GYRLIM,3.000000000000000000,9,exclude,,not selected by FS150 SITL policy
EKF2_ABL_LIM,0.400000005960464478,9,exclude,,not selected by FS150 SITL policy
EKF2_ABL_TAU,0.500000000000000000,9,exclude,,not selected by FS150 SITL policy
EKF2_ACC_B_NOISE,0.003000000026077032,9,exclude,,not selected by FS150 SITL policy
EKF2_ACC_NOISE,0.349999994039535522,9,exclude,,not selected by FS150 SITL policy
EKF2_AID_MASK,24,6,include,estimator_mocap,matched estimator_mocap:EKF2_AID_MASK
EKF2_ANGERR_INIT,0.100000001490116119,9,exclude,,not selected by FS150 SITL policy
EKF2_ARSP_THR,0.000000000000000000,9,exclude,,not selected by FS150 SITL policy
EKF2_ASPD_MAX,20.000000000000000000,9,exclude,,not selected by FS150 SITL policy
EKF2_ASP_DELAY,100.000000000000000000,9,exclude,,not selected by FS150 SITL policy
EKF2_AVEL_DELAY,5.000000000000000000,9,exclude,,not selected by FS150 SITL policy
EKF2_BARO_DELAY,0.000000000000000000,9,exclude,,not selected by FS150 SITL policy
EKF2_BARO_GATE,5.000000000000000000,9,exclude,,not selected by FS150 SITL policy
EKF2_BARO_NOISE,3.500000000000000000,9,exclude,,estimator sensor offsets/calibration belong to the simulated sensor stack
EKF2_BCOEF_X,25.000000000000000000,9,exclude,,not selected by FS150 SITL policy
EKF2_BCOEF_Y,25.000000000000000000,9,exclude,,not selected by FS150 SITL policy
EKF2_BETA_GATE,5.000000000000000000,9,exclude,,not selected by FS150 SITL policy
EKF2_BETA_NOISE,0.300000011920928955,9,exclude,,not selected by FS150 SITL policy
EKF2_DECL_TYPE,7,6,exclude,,not selected by FS150 SITL policy
EKF2_DRAG_NOISE,2.500000000000000000,9,exclude,,not selected by FS150 SITL policy
EKF2_EAS_NOISE,1.399999976158142090,9,exclude,,not selected by FS150 SITL policy
EKF2_EVA_NOISE,0.050000000745058060,9,exclude,,not selected by FS150 SITL policy
EKF2_EVP_GATE,5.000000000000000000,9,exclude,,not selected by FS150 SITL policy
EKF2_EVP_NOISE,0.100000001490116119,9,exclude,,not selected by FS150 SITL policy
EKF2_EVV_GATE,3.000000000000000000,9,exclude,,not selected by FS150 SITL policy
EKF2_EVV_NOISE,0.100000001490116119,9,exclude,,not selected by FS150 SITL policy
EKF2_EV_DELAY,175.000000000000000000,9,exclude,,not selected by FS150 SITL policy
EKF2_EV_NOISE_MD,0,6,exclude,,not selected by FS150 SITL policy
EKF2_EV_POS_X,0.000000000000000000,9,exclude,,not selected by FS150 SITL policy
EKF2_EV_POS_Y,0.000000000000000000,9,exclude,,not selected by FS150 SITL policy
EKF2_EV_POS_Z,0.000000000000000000,9,exclude,,not selected by FS150 SITL policy
EKF2_FUSE_BETA,0,6,exclude,,not selected by FS150 SITL policy
EKF2_GBIAS_INIT,0.100000001490116119,9,exclude,,not selected by FS150 SITL policy
EKF2_GND_EFF_DZ,4.000000000000000000,9,exclude,,not selected by FS150 SITL policy
EKF2_GND_MAX_HGT,0.500000000000000000,9,exclude,,not selected by FS150 SITL policy
EKF2_GPS_CHECK,245,6,exclude,,not selected by FS150 SITL policy
EKF2_GPS_DELAY,110.000000000000000000,9,exclude,,not selected by FS150 SITL policy
EKF2_GPS_POS_X,0.000000000000000000,9,exclude,,not selected by FS150 SITL policy
EKF2_GPS_POS_Y,0.000000000000000000,9,exclude,,not selected by FS150 SITL policy
EKF2_GPS_POS_Z,0.000000000000000000,9,exclude,,not selected by FS150 SITL policy
EKF2_GPS_P_GATE,5.000000000000000000,9,exclude,,not selected by FS150 SITL policy
EKF2_GPS_P_NOISE,0.500000000000000000,9,exclude,,estimator sensor offsets/calibration belong to the simulated sensor stack
EKF2_GPS_V_GATE,5.000000000000000000,9,exclude,,not selected by FS150 SITL policy
EKF2_GPS_V_NOISE,0.300000011920928955,9,exclude,,estimator sensor offsets/calibration belong to the simulated sensor stack
EKF2_GSF_TAS,15.000000000000000000,9,exclude,,not selected by FS150 SITL policy
EKF2_GYR_B_NOISE,0.001000000047497451,9,exclude,,not selected by FS150 SITL policy
EKF2_GYR_NOISE,0.014999999664723873,9,exclude,,not selected by FS150 SITL policy
EKF2_HDG_GATE,2.599999904632568359,9,exclude,,not selected by FS150 SITL policy
EKF2_HEAD_NOISE,0.300000011920928955,9,exclude,,not selected by FS150 SITL policy
EKF2_HGT_MODE,3,6,include,estimator_mocap,matched estimator_mocap:EKF2_HGT_MODE
EKF2_IMU_POS_X,0.000000000000000000,9,exclude,,not selected by FS150 SITL policy
EKF2_IMU_POS_Y,0.000000000000000000,9,exclude,,not selected by FS150 SITL policy
EKF2_IMU_POS_Z,0.000000000000000000,9,exclude,,not selected by FS150 SITL policy
EKF2_MAG_ACCLIM,0.500000000000000000,9,exclude,,not selected by FS150 SITL policy
EKF2_MAG_B_NOISE,0.000099999997473788,9,exclude,,estimator sensor offsets/calibration belong to the simulated sensor stack
EKF2_MAG_CHECK,0,6,exclude,,not selected by FS150 SITL policy
EKF2_MAG_DECL,0.000000000000000000,9,exclude,,not selected by FS150 SITL policy
EKF2_MAG_DELAY,0.000000000000000000,9,exclude,,not selected by FS150 SITL policy
EKF2_MAG_E_NOISE,0.001000000047497451,9,exclude,,estimator sensor offsets/calibration belong to the simulated sensor stack
EKF2_MAG_GATE,3.000000000000000000,9,exclude,,not selected by FS150 SITL policy
EKF2_MAG_NOISE,0.050000000745058060,9,exclude,,estimator sensor offsets/calibration belong to the simulated sensor stack
EKF2_MAG_TYPE,5,6,include,estimator_mocap,matched estimator_mocap:EKF2_MAG_TYPE
EKF2_MAG_YAWLIM,0.250000000000000000,9,exclude,,not selected by FS150 SITL policy
EKF2_MIN_OBS_DT,20,6,exclude,,not selected by FS150 SITL policy
EKF2_MIN_RNG,0.100000001490116119,9,exclude,,not selected by FS150 SITL policy
EKF2_MOVE_TEST,1.000000000000000000,9,exclude,,not selected by FS150 SITL policy
EKF2_MULTI_IMU,3,6,exclude,,not selected by FS150 SITL policy
EKF2_NOAID_NOISE,10.000000000000000000,9,exclude,,not selected by FS150 SITL policy
EKF2_NOAID_TOUT,5000000,6,exclude,,not selected by FS150 SITL policy
EKF2_OF_DELAY,20.000000000000000000,9,exclude,,not selected by FS150 SITL policy
EKF2_OF_GATE,3.000000000000000000,9,exclude,,not selected by FS150 SITL policy
EKF2_OF_N_MAX,0.500000000000000000,9,exclude,,not selected by FS150 SITL policy
EKF2_OF_N_MIN,0.150000005960464478,9,exclude,,not selected by FS150 SITL policy
EKF2_OF_POS_X,0.000000000000000000,9,exclude,,not selected by FS150 SITL policy
EKF2_OF_POS_Y,0.000000000000000000,9,exclude,,not selected by FS150 SITL policy
EKF2_OF_POS_Z,0.000000000000000000,9,exclude,,not selected by FS150 SITL policy
EKF2_OF_QMIN,1,6,exclude,,not selected by FS150 SITL policy
EKF2_PCOEF_XN,0.000000000000000000,9,exclude,,not selected by FS150 SITL policy
EKF2_PCOEF_XP,0.000000000000000000,9,exclude,,not selected by FS150 SITL policy
EKF2_PCOEF_YN,0.000000000000000000,9,exclude,,not selected by FS150 SITL policy
EKF2_PCOEF_YP,0.000000000000000000,9,exclude,,not selected by FS150 SITL policy
EKF2_PCOEF_Z,0.000000000000000000,9,exclude,,not selected by FS150 SITL policy
EKF2_REQ_EPH,3.000000000000000000,9,exclude,,not selected by FS150 SITL policy
EKF2_REQ_EPV,5.000000000000000000,9,exclude,,not selected by FS150 SITL policy
EKF2_REQ_GPS_H,10.000000000000000000,9,include,estimator_mocap,matched estimator_mocap:EKF2_REQ_GPS_H
EKF2_REQ_HDRIFT,0.100000001490116119,9,exclude,,not selected by FS150 SITL policy
EKF2_REQ_NSATS,6,6,exclude,,not selected by FS150 SITL policy
EKF2_REQ_PDOP,2.500000000000000000,9,exclude,,not selected by FS150 SITL policy
EKF2_REQ_SACC,0.500000000000000000,9,exclude,,not selected by FS150 SITL policy
EKF2_REQ_VDRIFT,0.200000002980232239,9,exclude,,not selected by FS150 SITL policy
EKF2_RNG_AID,1,6,exclude,,not selected by FS150 SITL policy
EKF2_RNG_A_HMAX,5.000000000000000000,9,exclude,,not selected by FS150 SITL policy
EKF2_RNG_A_IGATE,1.000000000000000000,9,exclude,,not selected by FS150 SITL policy
EKF2_RNG_A_VMAX,1.000000000000000000,9,exclude,,not selected by FS150 SITL policy
EKF2_RNG_DELAY,5.000000000000000000,9,exclude,,not selected by FS150 SITL policy
EKF2_RNG_GATE,5.000000000000000000,9,exclude,,not selected by FS150 SITL policy
EKF2_RNG_NOISE,0.100000001490116119,9,exclude,,not selected by FS150 SITL policy
EKF2_RNG_PITCH,0.000000000000000000,9,exclude,,not selected by FS150 SITL policy
EKF2_RNG_POS_X,0.000000000000000000,9,exclude,,not selected by FS150 SITL policy
EKF2_RNG_POS_Y,0.000000000000000000,9,exclude,,not selected by FS150 SITL policy
EKF2_RNG_POS_Z,0.000000000000000000,9,exclude,,not selected by FS150 SITL policy
EKF2_RNG_QLTY_T,1.000000000000000000,9,exclude,,not selected by FS150 SITL policy
EKF2_RNG_SFE,0.050000000745058060,9,exclude,,not selected by FS150 SITL policy
EKF2_SEL_ERR_RED,0.200000002980232239,9,exclude,,not selected by FS150 SITL policy
EKF2_SEL_IMU_ACC,1.000000000000000000,9,exclude,,not selected by FS150 SITL policy
EKF2_SEL_IMU_ANG,15.000000000000000000,9,exclude,,not selected by FS150 SITL policy
EKF2_SEL_IMU_RAT,7.000000000000000000,9,exclude,,not selected by FS150 SITL policy
EKF2_SEL_IMU_VEL,2.000000000000000000,9,exclude,,not selected by FS150 SITL policy
EKF2_SYNT_MAG_Z,0,6,exclude,,not selected by FS150 SITL policy
EKF2_TAS_GATE,3.000000000000000000,9,exclude,,not selected by FS150 SITL policy
EKF2_TAU_POS,0.250000000000000000,9,exclude,,not selected by FS150 SITL policy
EKF2_TAU_VEL,0.250000000000000000,9,exclude,,not selected by FS150 SITL policy
EKF2_TERR_GRAD,0.500000000000000000,9,exclude,,not selected by FS150 SITL policy
EKF2_TERR_MASK,3,6,exclude,,not selected by FS150 SITL policy
EKF2_TERR_NOISE,5.000000000000000000,9,exclude,,not selected by FS150 SITL policy
EKF2_WIND_NOISE,0.100000001490116119,9,exclude,,not selected by FS150 SITL policy
EV_TSK_RC_LOSS,0,6,exclude,,not selected by FS150 SITL policy
EV_TSK_STAT_DIS,0,6,exclude,,not selected by FS150 SITL policy
FD_ESCS_EN,1,6,exclude,,not selected by FS150 SITL policy
FD_EXT_ATS_EN,0,6,exclude,,not selected by FS150 SITL policy
FD_EXT_ATS_TRIG,1900,6,exclude,,not selected by FS150 SITL policy
FD_FAIL_P,60,6,exclude,,not selected by FS150 SITL policy
FD_FAIL_P_TTRI,0.300000011920928955,9,exclude,,not selected by FS150 SITL policy
FD_FAIL_R,60,6,exclude,,not selected by FS150 SITL policy
FD_FAIL_R_TTRI,0.300000011920928955,9,exclude,,not selected by FS150 SITL policy
GF_ACTION,2,6,exclude,,not selected by FS150 SITL policy
GF_ALTMODE,0,6,exclude,,not selected by FS150 SITL policy
GF_COUNT,-1,6,exclude,,not selected by FS150 SITL policy
GF_MAX_HOR_DIST,0.000000000000000000,9,exclude,,not selected by FS150 SITL policy
GF_MAX_VER_DIST,0.000000000000000000,9,exclude,,not selected by FS150 SITL policy
GF_SOURCE,0,6,exclude,,not selected by FS150 SITL policy
GPS_1_CONFIG,0,6,exclude,,serial/GPS/UAVCAN device ownership is not portable in SITL
GPS_2_CONFIG,0,6,exclude,,serial/GPS/UAVCAN device ownership is not portable in SITL
GPS_DUMP_COMM,0,6,exclude,,serial/GPS/UAVCAN device ownership is not portable in SITL
GPS_YAW_OFFSET,0.000000000000000000,9,exclude,,serial/GPS/UAVCAN device ownership is not portable in SITL
HTE_ACC_GATE,3.000000000000000000,9,exclude,,not selected by FS150 SITL policy
HTE_HT_ERR_INIT,0.100000001490116119,9,exclude,,not selected by FS150 SITL policy
HTE_HT_NOISE,0.003599999938160181,9,exclude,,not selected by FS150 SITL policy
IMU_ACCEL_CUTOFF,30.000000000000000000,9,exclude,,not selected by FS150 SITL policy
IMU_DGYRO_CUTOFF,35.000000000000000000,9,include,control,matched control:IMU_DGYRO_CUTOFF
IMU_GYRO_CAL_EN,1,6,exclude,,not selected by FS150 SITL policy
IMU_GYRO_CUTOFF,35.000000000000000000,9,include,control,matched control:IMU_GYRO_CUTOFF
IMU_GYRO_DYN_NF,0,6,exclude,,not selected by FS150 SITL policy
IMU_GYRO_FFT_EN,1,6,exclude,,not selected by FS150 SITL policy
IMU_GYRO_FFT_LEN,1024,6,exclude,,not selected by FS150 SITL policy
IMU_GYRO_FFT_MAX,192.000000000000000000,9,exclude,,not selected by FS150 SITL policy
IMU_GYRO_FFT_MIN,32.000000000000000000,9,exclude,,not selected by FS150 SITL policy
IMU_GYRO_NF_BW,20.000000000000000000,9,exclude,,not selected by FS150 SITL policy
IMU_GYRO_NF_FREQ,0.000000000000000000,9,exclude,,not selected by FS150 SITL policy
IMU_GYRO_RATEMAX,800,6,exclude,,not selected by FS150 SITL policy
IMU_INTEG_RATE,200,6,include,control,matched control:IMU_INTEG_RATE
LED_RGB2_MAXBRT,31,6,exclude,,not selected by FS150 SITL policy
LNDMC_ALT_GND,-1.000000000000000000,9,exclude,,not selected by FS150 SITL policy
LNDMC_ALT_MAX,-1.000000000000000000,9,exclude,,not selected by FS150 SITL policy
LNDMC_ROT_MAX,20.000000000000000000,9,exclude,,not selected by FS150 SITL policy
LNDMC_TRIG_TIME,1.000000000000000000,9,exclude,,not selected by FS150 SITL policy
LNDMC_XY_VEL_MAX,1.500000000000000000,9,exclude,,not selected by FS150 SITL policy
LNDMC_Z_VEL_MAX,0.500000000000000000,9,exclude,,not selected by FS150 SITL policy
LND_FLIGHT_T_HI,7,6,exclude,,not selected by FS150 SITL policy
LND_FLIGHT_T_LO,-359431728,6,exclude,,not selected by FS150 SITL policy
MAV_0_CONFIG,101,6,exclude,,MAVLink instance ports and forwarding are injected by the SITL runtime
MAV_0_FORWARD,1,6,exclude,,MAVLink instance ports and forwarding are injected by the SITL runtime
MAV_0_MODE,1,6,exclude,,MAVLink instance ports and forwarding are injected by the SITL runtime
MAV_0_RADIO_CTL,1,6,exclude,,MAVLink instance ports and forwarding are injected by the SITL runtime
MAV_0_RATE,0,6,exclude,,not selected by FS150 SITL policy
MAV_1_CONFIG,102,6,exclude,,MAVLink instance ports and forwarding are injected by the SITL runtime
MAV_1_FORWARD,1,6,exclude,,MAVLink instance ports and forwarding are injected by the SITL runtime
MAV_1_MODE,0,6,exclude,,MAVLink instance ports and forwarding are injected by the SITL runtime
MAV_1_RADIO_CTL,1,6,exclude,,MAVLink instance ports and forwarding are injected by the SITL runtime
MAV_1_RATE,0,6,exclude,,not selected by FS150 SITL policy
MAV_2_CONFIG,0,6,exclude,,MAVLink instance ports and forwarding are injected by the SITL runtime
MAV_COMP_ID,1,6,exclude,,not selected by FS150 SITL policy
MAV_FWDEXTSP,1,6,exclude,,not selected by FS150 SITL policy
MAV_HASH_CHK_EN,1,6,exclude,,not selected by FS150 SITL policy
MAV_HB_FORW_EN,1,6,exclude,,not selected by FS150 SITL policy
MAV_ODOM_LP,1,6,include,estimator_mocap,matched estimator_mocap:MAV_ODOM_LP
MAV_PROTO_VER,0,6,exclude,,not selected by FS150 SITL policy
MAV_RADIO_TOUT,5,6,exclude,,not selected by FS150 SITL policy
MAV_SIK_RADIO_ID,0,6,exclude,,not selected by FS150 SITL policy
MAV_SYS_ID,4,6,exclude,,system identity is derived from PX4 instance ID
MAV_TYPE,2,6,exclude,,not selected by FS150 SITL policy
MAV_USEHILGPS,0,6,exclude,,not selected by FS150 SITL policy
MC_ACRO_EXPO,0.689999997615814209,9,exclude,,not selected by FS150 SITL policy
MC_ACRO_EXPO_Y,0.689999997615814209,9,exclude,,not selected by FS150 SITL policy
MC_ACRO_P_MAX,720.000000000000000000,9,exclude,,not selected by FS150 SITL policy
MC_ACRO_R_MAX,720.000000000000000000,9,exclude,,not selected by FS150 SITL policy
MC_ACRO_SUPEXPO,0.699999988079071045,9,exclude,,not selected by FS150 SITL policy
MC_ACRO_SUPEXPOY,0.699999988079071045,9,exclude,,not selected by FS150 SITL policy
MC_ACRO_Y_MAX,540.000000000000000000,9,exclude,,not selected by FS150 SITL policy
MC_AIRMODE,0,6,exclude,,not selected by FS150 SITL policy
MC_BAT_SCALE_EN,0,6,exclude,,not selected by FS150 SITL policy
MC_MAN_TILT_TAU,0.000000000000000000,9,exclude,,not selected by FS150 SITL policy
MC_PITCHRATE_D,0.001000000047497451,9,include,control,matched control:^MC_(ROLL|PITCH)RATE_[PID]$
MC_PITCHRATE_FF,0.000000000000000000,9,exclude,,not selected by FS150 SITL policy
MC_PITCHRATE_I,0.050000000745058060,9,include,control,matched control:^MC_(ROLL|PITCH)RATE_[PID]$
MC_PITCHRATE_K,1.000000000000000000,9,exclude,,not selected by FS150 SITL policy
MC_PITCHRATE_MAX,220.000000000000000000,9,exclude,,not selected by FS150 SITL policy
MC_PITCHRATE_P,0.070000000298023224,9,include,control,matched control:^MC_(ROLL|PITCH)RATE_[PID]$
MC_PITCH_P,6.500000000000000000,9,exclude,,not selected by FS150 SITL policy
MC_PR_INT_LIM,0.300000011920928955,9,exclude,,not selected by FS150 SITL policy
MC_ROLLRATE_D,0.001000000047497451,9,include,control,matched control:^MC_(ROLL|PITCH)RATE_[PID]$
MC_ROLLRATE_FF,0.000000000000000000,9,exclude,,not selected by FS150 SITL policy
MC_ROLLRATE_I,0.070000000298023224,9,include,control,matched control:^MC_(ROLL|PITCH)RATE_[PID]$
MC_ROLLRATE_K,1.000000000000000000,9,exclude,,not selected by FS150 SITL policy
MC_ROLLRATE_MAX,220.000000000000000000,9,exclude,,not selected by FS150 SITL policy
MC_ROLLRATE_P,0.070000000298023224,9,include,control,matched control:^MC_(ROLL|PITCH)RATE_[PID]$
MC_ROLL_P,6.500000000000000000,9,exclude,,not selected by FS150 SITL policy
MC_RR_INT_LIM,0.300000011920928955,9,exclude,,not selected by FS150 SITL policy
MC_YAWRATE_D,0.000000000000000000,9,exclude,,not selected by FS150 SITL policy
MC_YAWRATE_FF,0.000000000000000000,9,exclude,,not selected by FS150 SITL policy
MC_YAWRATE_I,0.100000001490116119,9,exclude,,not selected by FS150 SITL policy
MC_YAWRATE_K,1.000000000000000000,9,exclude,,not selected by FS150 SITL policy
MC_YAWRATE_MAX,200.000000000000000000,9,exclude,,not selected by FS150 SITL policy
MC_YAWRATE_P,0.200000002980232239,9,exclude,,not selected by FS150 SITL policy
MC_YAW_P,2.799999952316284180,9,exclude,,not selected by FS150 SITL policy
MC_YAW_WEIGHT,0.400000005960464478,9,exclude,,not selected by FS150 SITL policy
MC_YR_INT_LIM,0.300000011920928955,9,exclude,,not selected by FS150 SITL policy
MIS_DIST_1WP,900.000000000000000000,9,exclude,,not selected by FS150 SITL policy
MIS_DIST_WPS,900.000000000000000000,9,exclude,,not selected by FS150 SITL policy
MIS_LTRMIN_ALT,-1.000000000000000000,9,exclude,,not selected by FS150 SITL policy
MIS_MNT_YAW_CTL,0,6,exclude,,not selected by FS150 SITL policy
MIS_TAKEOFF_ALT,1.500000000000000000,9,exclude,,not selected by FS150 SITL policy
MIS_TAKEOFF_REQ,0,6,exclude,,not selected by FS150 SITL policy
MIS_YAW_ERR,12.000000000000000000,9,exclude,,not selected by FS150 SITL policy
MIS_YAW_TMT,-1.000000000000000000,9,exclude,,not selected by FS150 SITL policy
MNT_MODE_IN,-1,6,exclude,,not selected by FS150 SITL policy
MOT_ORDERING,0,6,exclude,,PWM/actuator output mapping belongs to the iris mixer/SDF
MOT_SLEW_MAX,0.000000000000000000,9,exclude,,PWM/actuator output mapping belongs to the iris mixer/SDF
MPC_ACC_DOWN_MAX,3.000000000000000000,9,exclude,,not selected by FS150 SITL policy
MPC_ACC_HOR,3.000000000000000000,9,exclude,,not selected by FS150 SITL policy
MPC_ACC_HOR_MAX,5.000000000000000000,9,exclude,,not selected by FS150 SITL policy
MPC_ACC_UP_MAX,4.000000000000000000,9,exclude,,not selected by FS150 SITL policy
MPC_ALT_MODE,0,6,exclude,,not selected by FS150 SITL policy
MPC_HOLD_DZ,0.100000001490116119,9,exclude,,not selected by FS150 SITL policy
MPC_HOLD_MAX_XY,0.800000011920928955,9,exclude,,not selected by FS150 SITL policy
MPC_HOLD_MAX_Z,0.600000023841857910,9,exclude,,not selected by FS150 SITL policy
MPC_JERK_AUTO,4.000000000000000000,9,exclude,,not selected by FS150 SITL policy
MPC_JERK_MAX,8.000000000000000000,9,exclude,,not selected by FS150 SITL policy
MPC_LAND_ALT1,10.000000000000000000,9,exclude,,not selected by FS150 SITL policy
MPC_LAND_ALT2,5.000000000000000000,9,exclude,,not selected by FS150 SITL policy
MPC_LAND_RC_HELP,0,6,exclude,,not selected by FS150 SITL policy
MPC_LAND_SPEED,0.699999988079071045,9,exclude,,not selected by FS150 SITL policy
MPC_MANTHR_MIN,0.039999999105930328,9,include,control,matched control:MPC_MANTHR_MIN
MPC_MAN_TILT_MAX,35.000000000000000000,9,exclude,,not selected by FS150 SITL policy
MPC_MAN_Y_MAX,150.000000000000000000,9,exclude,,not selected by FS150 SITL policy
MPC_MAN_Y_TAU,0.079999998211860657,9,exclude,,not selected by FS150 SITL policy
MPC_POS_MODE,4,6,exclude,,not selected by FS150 SITL policy
MPC_SPOOLUP_TIME,1.000000000000000000,9,exclude,,not selected by FS150 SITL policy
MPC_THR_CURVE,0,6,exclude,,not selected by FS150 SITL policy
MPC_THR_HOVER,0.360000014305114746,9,include,control,matched control:MPC_THR_HOVER
MPC_THR_MAX,1.000000000000000000,9,exclude,,not selected by FS150 SITL policy
MPC_THR_MIN,0.119999997317790985,9,exclude,,not selected by FS150 SITL policy
MPC_TILTMAX_AIR,45.000000000000000000,9,exclude,,not selected by FS150 SITL policy
MPC_TILTMAX_LND,12.000000000000000000,9,exclude,,not selected by FS150 SITL policy
MPC_TKO_RAMP_T,3.000000000000000000,9,exclude,,not selected by FS150 SITL policy
MPC_TKO_SPEED,1.500000000000000000,9,exclude,,not selected by FS150 SITL policy
MPC_USE_HTE,1,6,exclude,,not selected by FS150 SITL policy
MPC_VELD_LP,5.000000000000000000,9,exclude,,not selected by FS150 SITL policy
MPC_VEL_MANUAL,10.000000000000000000,9,exclude,,not selected by FS150 SITL policy
MPC_XY_CRUISE,5.000000000000000000,9,exclude,,not selected by FS150 SITL policy
MPC_XY_ERR_MAX,2.000000000000000000,9,exclude,,not selected by FS150 SITL policy
MPC_XY_MAN_EXPO,0.600000023841857910,9,exclude,,not selected by FS150 SITL policy
MPC_XY_P,0.949999988079071045,9,exclude,,not selected by FS150 SITL policy
MPC_XY_TRAJ_P,0.500000000000000000,9,exclude,,not selected by FS150 SITL policy
MPC_XY_VEL_ALL,-10.000000000000000000,9,exclude,,not selected by FS150 SITL policy
MPC_XY_VEL_D_ACC,0.250000000000000000,9,include,control,matched control:MPC_XY_VEL_D_ACC
MPC_XY_VEL_I_ACC,0.400000005960464478,9,exclude,,not selected by FS150 SITL policy
MPC_XY_VEL_MAX,12.000000000000000000,9,exclude,,not selected by FS150 SITL policy
MPC_XY_VEL_P_ACC,1.799999952316284180,9,exclude,,not selected by FS150 SITL policy
MPC_YAWRAUTO_MAX,45.000000000000000000,9,exclude,,not selected by FS150 SITL policy
MPC_YAW_EXPO,0.600000023841857910,9,exclude,,not selected by FS150 SITL policy
MPC_YAW_MODE,0,6,exclude,,not selected by FS150 SITL policy
MPC_Z_MAN_EXPO,0.600000023841857910,9,exclude,,not selected by FS150 SITL policy
MPC_Z_P,1.000000000000000000,9,exclude,,not selected by FS150 SITL policy
MPC_Z_VEL_ALL,-3.000000000000000000,9,exclude,,not selected by FS150 SITL policy
MPC_Z_VEL_D_ACC,0.000000000000000000,9,exclude,,not selected by FS150 SITL policy
MPC_Z_VEL_I_ACC,2.000000000000000000,9,exclude,,not selected by FS150 SITL policy
MPC_Z_VEL_MAX_DN,1.000000000000000000,9,exclude,,not selected by FS150 SITL policy
MPC_Z_VEL_MAX_UP,3.000000000000000000,9,exclude,,not selected by FS150 SITL policy
MPC_Z_VEL_P_ACC,4.000000000000000000,9,exclude,,not selected by FS150 SITL policy
NAV_ACC_RAD,2.000000000000000000,9,exclude,,not selected by FS150 SITL policy
NAV_DLL_ACT,2,6,include,safety,matched safety:NAV_DLL_ACT
NAV_FORCE_VT,1,6,exclude,,not selected by FS150 SITL policy
NAV_FT_DST,8.000000000000000000,9,exclude,,not selected by FS150 SITL policy
NAV_FT_FS,1,6,exclude,,not selected by FS150 SITL policy
NAV_FT_RS,0.500000000000000000,9,exclude,,not selected by FS150 SITL policy
NAV_FW_ALTL_RAD,5.000000000000000000,9,exclude,,not selected by FS150 SITL policy
NAV_FW_ALT_RAD,10.000000000000000000,9,exclude,,not selected by FS150 SITL policy
NAV_GPSF_LT,0.000000000000000000,9,exclude,,not selected by FS150 SITL policy
NAV_GPSF_P,0.000000000000000000,9,exclude,,not selected by FS150 SITL policy
NAV_GPSF_R,15.000000000000000000,9,exclude,,not selected by FS150 SITL policy
NAV_GPSF_TR,0.000000000000000000,9,exclude,,not selected by FS150 SITL policy
NAV_LOITER_RAD,50.000000000000000000,9,exclude,,not selected by FS150 SITL policy
NAV_MC_ALT_RAD,0.800000011920928955,9,exclude,,not selected by FS150 SITL policy
NAV_MIN_FT_HT,8.000000000000000000,9,exclude,,not selected by FS150 SITL policy
NAV_RCL_ACT,2,6,exclude,,return-home mission details are intentionally left to the scenario wrapper
NAV_TRAFF_AVOID,1,6,exclude,,not selected by FS150 SITL policy
NAV_TRAFF_A_RADM,500.000000000000000000,9,exclude,,not selected by FS150 SITL policy
NAV_TRAFF_A_RADU,10.000000000000000000,9,exclude,,not selected by FS150 SITL policy
PLD_BTOUT,5.000000000000000000,9,exclude,,not selected by FS150 SITL policy
PLD_FAPPR_ALT,0.100000001490116119,9,exclude,,not selected by FS150 SITL policy
PLD_HACC_RAD,0.200000002980232239,9,exclude,,not selected by FS150 SITL policy
PLD_MAX_SRCH,3,6,exclude,,not selected by FS150 SITL policy
PLD_SRCH_ALT,10.000000000000000000,9,exclude,,not selected by FS150 SITL policy
PLD_SRCH_TOUT,10.000000000000000000,9,exclude,,not selected by FS150 SITL policy
PWM_AUX_DIS1,-1,6,exclude,,PWM/actuator output mapping belongs to the iris mixer/SDF
PWM_AUX_DIS2,-1,6,exclude,,PWM/actuator output mapping belongs to the iris mixer/SDF
PWM_AUX_DIS3,-1,6,exclude,,PWM/actuator output mapping belongs to the iris mixer/SDF
PWM_AUX_DIS4,-1,6,exclude,,PWM/actuator output mapping belongs to the iris mixer/SDF
PWM_AUX_DIS5,-1,6,exclude,,PWM/actuator output mapping belongs to the iris mixer/SDF
PWM_AUX_DIS6,-1,6,exclude,,PWM/actuator output mapping belongs to the iris mixer/SDF
PWM_AUX_DISARM,1500,6,exclude,,PWM/actuator output mapping belongs to the iris mixer/SDF
PWM_AUX_FAIL1,-1,6,exclude,,PWM/actuator output mapping belongs to the iris mixer/SDF
PWM_AUX_FAIL2,-1,6,exclude,,PWM/actuator output mapping belongs to the iris mixer/SDF
PWM_AUX_FAIL3,-1,6,exclude,,PWM/actuator output mapping belongs to the iris mixer/SDF
PWM_AUX_FAIL4,-1,6,exclude,,PWM/actuator output mapping belongs to the iris mixer/SDF
PWM_AUX_FAIL5,-1,6,exclude,,PWM/actuator output mapping belongs to the iris mixer/SDF
PWM_AUX_FAIL6,-1,6,exclude,,PWM/actuator output mapping belongs to the iris mixer/SDF
PWM_AUX_MAX,2000,6,exclude,,PWM/actuator output mapping belongs to the iris mixer/SDF
PWM_AUX_MAX1,-1,6,exclude,,PWM/actuator output mapping belongs to the iris mixer/SDF
PWM_AUX_MAX2,-1,6,exclude,,PWM/actuator output mapping belongs to the iris mixer/SDF
PWM_AUX_MAX3,-1,6,exclude,,PWM/actuator output mapping belongs to the iris mixer/SDF
PWM_AUX_MAX4,-1,6,exclude,,PWM/actuator output mapping belongs to the iris mixer/SDF
PWM_AUX_MAX5,-1,6,exclude,,PWM/actuator output mapping belongs to the iris mixer/SDF
PWM_AUX_MAX6,-1,6,exclude,,PWM/actuator output mapping belongs to the iris mixer/SDF
PWM_AUX_MIN,1000,6,exclude,,PWM/actuator output mapping belongs to the iris mixer/SDF
PWM_AUX_MIN1,-1,6,exclude,,PWM/actuator output mapping belongs to the iris mixer/SDF
PWM_AUX_MIN2,-1,6,exclude,,PWM/actuator output mapping belongs to the iris mixer/SDF
PWM_AUX_MIN3,-1,6,exclude,,PWM/actuator output mapping belongs to the iris mixer/SDF
PWM_AUX_MIN4,-1,6,exclude,,PWM/actuator output mapping belongs to the iris mixer/SDF
PWM_AUX_MIN5,-1,6,exclude,,PWM/actuator output mapping belongs to the iris mixer/SDF
PWM_AUX_MIN6,-1,6,exclude,,PWM/actuator output mapping belongs to the iris mixer/SDF
PWM_AUX_OUT,1234,6,exclude,,PWM/actuator output mapping belongs to the iris mixer/SDF
PWM_AUX_RATE,50,6,exclude,,PWM/actuator output mapping belongs to the iris mixer/SDF
PWM_AUX_REV1,0,6,exclude,,PWM/actuator output mapping belongs to the iris mixer/SDF
PWM_AUX_REV2,0,6,exclude,,PWM/actuator output mapping belongs to the iris mixer/SDF
PWM_AUX_REV3,0,6,exclude,,PWM/actuator output mapping belongs to the iris mixer/SDF
PWM_AUX_REV4,0,6,exclude,,PWM/actuator output mapping belongs to the iris mixer/SDF
PWM_AUX_REV5,0,6,exclude,,PWM/actuator output mapping belongs to the iris mixer/SDF
PWM_AUX_REV6,0,6,exclude,,PWM/actuator output mapping belongs to the iris mixer/SDF
PWM_AUX_TRIM1,0.000000000000000000,9,exclude,,PWM/actuator output mapping belongs to the iris mixer/SDF
PWM_AUX_TRIM2,0.000000000000000000,9,exclude,,PWM/actuator output mapping belongs to the iris mixer/SDF
PWM_AUX_TRIM3,0.000000000000000000,9,exclude,,PWM/actuator output mapping belongs to the iris mixer/SDF
PWM_AUX_TRIM4,0.000000000000000000,9,exclude,,PWM/actuator output mapping belongs to the iris mixer/SDF
PWM_AUX_TRIM5,0.000000000000000000,9,exclude,,PWM/actuator output mapping belongs to the iris mixer/SDF
PWM_AUX_TRIM6,0.000000000000000000,9,exclude,,PWM/actuator output mapping belongs to the iris mixer/SDF
PWM_MAIN_DIS1,-1,6,exclude,,PWM/actuator output mapping belongs to the iris mixer/SDF
PWM_MAIN_DIS2,-1,6,exclude,,PWM/actuator output mapping belongs to the iris mixer/SDF
PWM_MAIN_DIS3,-1,6,exclude,,PWM/actuator output mapping belongs to the iris mixer/SDF
PWM_MAIN_DIS4,-1,6,exclude,,PWM/actuator output mapping belongs to the iris mixer/SDF
PWM_MAIN_DIS5,-1,6,exclude,,PWM/actuator output mapping belongs to the iris mixer/SDF
PWM_MAIN_DIS6,-1,6,exclude,,PWM/actuator output mapping belongs to the iris mixer/SDF
PWM_MAIN_DIS7,-1,6,exclude,,PWM/actuator output mapping belongs to the iris mixer/SDF
PWM_MAIN_DIS8,-1,6,exclude,,PWM/actuator output mapping belongs to the iris mixer/SDF
PWM_MAIN_DISARM,900,6,exclude,,PWM/actuator output mapping belongs to the iris mixer/SDF
PWM_MAIN_FAIL1,-1,6,exclude,,PWM/actuator output mapping belongs to the iris mixer/SDF
PWM_MAIN_FAIL2,-1,6,exclude,,PWM/actuator output mapping belongs to the iris mixer/SDF
PWM_MAIN_FAIL3,-1,6,exclude,,PWM/actuator output mapping belongs to the iris mixer/SDF
PWM_MAIN_FAIL4,-1,6,exclude,,PWM/actuator output mapping belongs to the iris mixer/SDF
PWM_MAIN_FAIL5,-1,6,exclude,,PWM/actuator output mapping belongs to the iris mixer/SDF
PWM_MAIN_FAIL6,-1,6,exclude,,PWM/actuator output mapping belongs to the iris mixer/SDF
PWM_MAIN_FAIL7,-1,6,exclude,,PWM/actuator output mapping belongs to the iris mixer/SDF
PWM_MAIN_FAIL8,-1,6,exclude,,PWM/actuator output mapping belongs to the iris mixer/SDF
PWM_MAIN_MAX,1950,6,exclude,,PWM/actuator output mapping belongs to the iris mixer/SDF
PWM_MAIN_MAX1,-1,6,exclude,,PWM/actuator output mapping belongs to the iris mixer/SDF
PWM_MAIN_MAX2,-1,6,exclude,,PWM/actuator output mapping belongs to the iris mixer/SDF
PWM_MAIN_MAX3,-1,6,exclude,,PWM/actuator output mapping belongs to the iris mixer/SDF
PWM_MAIN_MAX4,-1,6,exclude,,PWM/actuator output mapping belongs to the iris mixer/SDF
PWM_MAIN_MAX5,-1,6,exclude,,PWM/actuator output mapping belongs to the iris mixer/SDF
PWM_MAIN_MAX6,-1,6,exclude,,PWM/actuator output mapping belongs to the iris mixer/SDF
PWM_MAIN_MAX7,-1,6,exclude,,PWM/actuator output mapping belongs to the iris mixer/SDF
PWM_MAIN_MAX8,-1,6,exclude,,PWM/actuator output mapping belongs to the iris mixer/SDF
PWM_MAIN_MIN,1100,6,exclude,,PWM/actuator output mapping belongs to the iris mixer/SDF
PWM_MAIN_MIN1,-1,6,exclude,,PWM/actuator output mapping belongs to the iris mixer/SDF
PWM_MAIN_MIN2,-1,6,exclude,,PWM/actuator output mapping belongs to the iris mixer/SDF
PWM_MAIN_MIN3,-1,6,exclude,,PWM/actuator output mapping belongs to the iris mixer/SDF
PWM_MAIN_MIN4,-1,6,exclude,,PWM/actuator output mapping belongs to the iris mixer/SDF
PWM_MAIN_MIN5,-1,6,exclude,,PWM/actuator output mapping belongs to the iris mixer/SDF
PWM_MAIN_MIN6,-1,6,exclude,,PWM/actuator output mapping belongs to the iris mixer/SDF
PWM_MAIN_MIN7,-1,6,exclude,,PWM/actuator output mapping belongs to the iris mixer/SDF
PWM_MAIN_MIN8,-1,6,exclude,,PWM/actuator output mapping belongs to the iris mixer/SDF
PWM_MAIN_OUT,1234,6,exclude,,PWM/actuator output mapping belongs to the iris mixer/SDF
PWM_MAIN_RATE,400,6,exclude,,PWM/actuator output mapping belongs to the iris mixer/SDF
PWM_MAIN_REV1,0,6,exclude,,PWM/actuator output mapping belongs to the iris mixer/SDF
PWM_MAIN_REV2,0,6,exclude,,PWM/actuator output mapping belongs to the iris mixer/SDF
PWM_MAIN_REV3,0,6,exclude,,PWM/actuator output mapping belongs to the iris mixer/SDF
PWM_MAIN_REV4,0,6,exclude,,PWM/actuator output mapping belongs to the iris mixer/SDF
PWM_MAIN_REV5,0,6,exclude,,PWM/actuator output mapping belongs to the iris mixer/SDF
PWM_MAIN_REV6,0,6,exclude,,PWM/actuator output mapping belongs to the iris mixer/SDF
PWM_MAIN_REV7,0,6,exclude,,PWM/actuator output mapping belongs to the iris mixer/SDF
PWM_MAIN_REV8,0,6,exclude,,PWM/actuator output mapping belongs to the iris mixer/SDF
PWM_MAIN_TRIM1,0.000000000000000000,9,exclude,,PWM/actuator output mapping belongs to the iris mixer/SDF
PWM_MAIN_TRIM2,0.000000000000000000,9,exclude,,PWM/actuator output mapping belongs to the iris mixer/SDF
PWM_MAIN_TRIM3,0.000000000000000000,9,exclude,,PWM/actuator output mapping belongs to the iris mixer/SDF
PWM_MAIN_TRIM4,0.000000000000000000,9,exclude,,PWM/actuator output mapping belongs to the iris mixer/SDF
PWM_MAIN_TRIM5,0.000000000000000000,9,exclude,,PWM/actuator output mapping belongs to the iris mixer/SDF
PWM_MAIN_TRIM6,0.000000000000000000,9,exclude,,PWM/actuator output mapping belongs to the iris mixer/SDF
PWM_MAIN_TRIM7,0.000000000000000000,9,exclude,,PWM/actuator output mapping belongs to the iris mixer/SDF
PWM_MAIN_TRIM8,0.000000000000000000,9,exclude,,PWM/actuator output mapping belongs to the iris mixer/SDF
RC10_DZ,0.000000000000000000,9,exclude,,not selected by FS150 SITL policy
RC10_MAX,2000.000000000000000000,9,exclude,,not selected by FS150 SITL policy
RC10_MIN,1000.000000000000000000,9,exclude,,not selected by FS150 SITL policy
RC10_REV,1.000000000000000000,9,exclude,,not selected by FS150 SITL policy
RC10_TRIM,1500.000000000000000000,9,exclude,,not selected by FS150 SITL policy
RC11_DZ,0.000000000000000000,9,exclude,,not selected by FS150 SITL policy
RC11_MAX,2000.000000000000000000,9,exclude,,not selected by FS150 SITL policy
RC11_MIN,1000.000000000000000000,9,exclude,,not selected by FS150 SITL policy
RC11_REV,1.000000000000000000,9,exclude,,not selected by FS150 SITL policy
RC11_TRIM,1500.000000000000000000,9,exclude,,not selected by FS150 SITL policy
RC12_DZ,0.000000000000000000,9,exclude,,not selected by FS150 SITL policy
RC12_MAX,2000.000000000000000000,9,exclude,,not selected by FS150 SITL policy
RC12_MIN,1000.000000000000000000,9,exclude,,not selected by FS150 SITL policy
RC12_REV,1.000000000000000000,9,exclude,,not selected by FS150 SITL policy
RC12_TRIM,1500.000000000000000000,9,exclude,,not selected by FS150 SITL policy
RC13_DZ,0.000000000000000000,9,exclude,,not selected by FS150 SITL policy
RC13_MAX,2000.000000000000000000,9,exclude,,not selected by FS150 SITL policy
RC13_MIN,1000.000000000000000000,9,exclude,,not selected by FS150 SITL policy
RC13_REV,1.000000000000000000,9,exclude,,not selected by FS150 SITL policy
RC13_TRIM,1500.000000000000000000,9,exclude,,not selected by FS150 SITL policy
RC14_DZ,0.000000000000000000,9,exclude,,not selected by FS150 SITL policy
RC14_MAX,2000.000000000000000000,9,exclude,,not selected by FS150 SITL policy
RC14_MIN,1000.000000000000000000,9,exclude,,not selected by FS150 SITL policy
RC14_REV,1.000000000000000000,9,exclude,,not selected by FS150 SITL policy
RC14_TRIM,1500.000000000000000000,9,exclude,,not selected by FS150 SITL policy
RC15_DZ,0.000000000000000000,9,exclude,,not selected by FS150 SITL policy
RC15_MAX,2000.000000000000000000,9,exclude,,not selected by FS150 SITL policy
RC15_MIN,1000.000000000000000000,9,exclude,,not selected by FS150 SITL policy
RC15_REV,1.000000000000000000,9,exclude,,not selected by FS150 SITL policy
RC15_TRIM,1500.000000000000000000,9,exclude,,not selected by FS150 SITL policy
RC16_DZ,0.000000000000000000,9,exclude,,not selected by FS150 SITL policy
RC16_MAX,2000.000000000000000000,9,exclude,,not selected by FS150 SITL policy
RC16_MIN,1000.000000000000000000,9,exclude,,not selected by FS150 SITL policy
RC16_REV,1.000000000000000000,9,exclude,,not selected by FS150 SITL policy
RC16_TRIM,1500.000000000000000000,9,exclude,,not selected by FS150 SITL policy
RC17_DZ,0.000000000000000000,9,exclude,,not selected by FS150 SITL policy
RC17_MAX,2000.000000000000000000,9,exclude,,not selected by FS150 SITL policy
RC17_MIN,1000.000000000000000000,9,exclude,,not selected by FS150 SITL policy
RC17_REV,1.000000000000000000,9,exclude,,not selected by FS150 SITL policy
RC17_TRIM,1500.000000000000000000,9,exclude,,not selected by FS150 SITL policy
RC18_DZ,0.000000000000000000,9,exclude,,not selected by FS150 SITL policy
RC18_MAX,2000.000000000000000000,9,exclude,,not selected by FS150 SITL policy
RC18_MIN,1000.000000000000000000,9,exclude,,not selected by FS150 SITL policy
RC18_REV,1.000000000000000000,9,exclude,,not selected by FS150 SITL policy
RC18_TRIM,1500.000000000000000000,9,exclude,,not selected by FS150 SITL policy
RC1_DZ,10.000000000000000000,9,exclude,,not selected by FS150 SITL policy
RC1_MAX,1953.000000000000000000,9,exclude,,not selected by FS150 SITL policy
RC1_MIN,1115.000000000000000000,9,exclude,,not selected by FS150 SITL policy
RC1_REV,1.000000000000000000,9,exclude,,not selected by FS150 SITL policy
RC1_TRIM,1533.000000000000000000,9,exclude,,not selected by FS150 SITL policy
RC2_DZ,10.000000000000000000,9,exclude,,not selected by FS150 SITL policy
RC2_MAX,1933.000000000000000000,9,exclude,,not selected by FS150 SITL policy
RC2_MIN,1095.000000000000000000,9,exclude,,not selected by FS150 SITL policy
RC2_REV,-1.000000000000000000,9,exclude,,not selected by FS150 SITL policy
RC2_TRIM,1514.000000000000000000,9,exclude,,not selected by FS150 SITL policy
RC3_DZ,10.000000000000000000,9,exclude,,not selected by FS150 SITL policy
RC3_MAX,1933.000000000000000000,9,exclude,,not selected by FS150 SITL policy
RC3_MIN,1095.000000000000000000,9,exclude,,not selected by FS150 SITL policy
RC3_REV,1.000000000000000000,9,exclude,,not selected by FS150 SITL policy
RC3_TRIM,1095.000000000000000000,9,exclude,,not selected by FS150 SITL policy
RC4_DZ,10.000000000000000000,9,exclude,,not selected by FS150 SITL policy
RC4_MAX,1933.000000000000000000,9,exclude,,not selected by FS150 SITL policy
RC4_MIN,1095.000000000000000000,9,exclude,,not selected by FS150 SITL policy
RC4_REV,1.000000000000000000,9,exclude,,not selected by FS150 SITL policy
RC4_TRIM,1514.000000000000000000,9,exclude,,not selected by FS150 SITL policy
RC5_DZ,10.000000000000000000,9,exclude,,not selected by FS150 SITL policy
RC5_MAX,2000.000000000000000000,9,exclude,,not selected by FS150 SITL policy
RC5_MIN,1000.000000000000000000,9,exclude,,not selected by FS150 SITL policy
RC5_REV,1.000000000000000000,9,exclude,,not selected by FS150 SITL policy
RC5_TRIM,1500.000000000000000000,9,exclude,,not selected by FS150 SITL policy
RC6_DZ,10.000000000000000000,9,exclude,,not selected by FS150 SITL policy
RC6_MAX,2000.000000000000000000,9,exclude,,not selected by FS150 SITL policy
RC6_MIN,1000.000000000000000000,9,exclude,,not selected by FS150 SITL policy
RC6_REV,1.000000000000000000,9,exclude,,not selected by FS150 SITL policy
RC6_TRIM,1500.000000000000000000,9,exclude,,not selected by FS150 SITL policy
RC7_DZ,10.000000000000000000,9,exclude,,not selected by FS150 SITL policy
RC7_MAX,2000.000000000000000000,9,exclude,,not selected by FS150 SITL policy
RC7_MIN,1000.000000000000000000,9,exclude,,not selected by FS150 SITL policy
RC7_REV,1.000000000000000000,9,exclude,,not selected by FS150 SITL policy
RC7_TRIM,1500.000000000000000000,9,exclude,,not selected by FS150 SITL policy
RC8_DZ,10.000000000000000000,9,exclude,,not selected by FS150 SITL policy
RC8_MAX,2000.000000000000000000,9,exclude,,not selected by FS150 SITL policy
RC8_MIN,1000.000000000000000000,9,exclude,,not selected by FS150 SITL policy
RC8_REV,1.000000000000000000,9,exclude,,not selected by FS150 SITL policy
RC8_TRIM,1500.000000000000000000,9,exclude,,not selected by FS150 SITL policy
RC9_DZ,0.000000000000000000,9,exclude,,not selected by FS150 SITL policy
RC9_MAX,2000.000000000000000000,9,exclude,,not selected by FS150 SITL policy
RC9_MIN,1000.000000000000000000,9,exclude,,not selected by FS150 SITL policy
RC9_REV,1.000000000000000000,9,exclude,,not selected by FS150 SITL policy
RC9_TRIM,1500.000000000000000000,9,exclude,,not selected by FS150 SITL policy
RC_ACRO_TH,0.750000000000000000,9,exclude,,RC simulation is not part of this wrapper
RC_ARMSWITCH_TH,0.750000000000000000,9,exclude,,RC simulation is not part of this wrapper
RC_ASSIST_TH,0.250000000000000000,9,exclude,,RC simulation is not part of this wrapper
RC_AUTO_TH,0.750000000000000000,9,exclude,,RC simulation is not part of this wrapper
RC_CHAN_CNT,18,6,exclude,,RC simulation is not part of this wrapper
RC_FAILS_THR,0,6,exclude,,RC simulation is not part of this wrapper
RC_GEAR_TH,0.750000000000000000,9,exclude,,RC simulation is not part of this wrapper
RC_KILLSWITCH_TH,0.750000000000000000,9,exclude,,RC simulation is not part of this wrapper
RC_LOITER_TH,0.750000000000000000,9,exclude,,RC simulation is not part of this wrapper
RC_MAN_TH,0.750000000000000000,9,exclude,,RC simulation is not part of this wrapper
RC_MAP_ACRO_SW,0,6,exclude,,RC simulation is not part of this wrapper
RC_MAP_ARM_SW,5,6,exclude,,RC simulation is not part of this wrapper
RC_MAP_AUX1,0,6,exclude,,RC simulation is not part of this wrapper
RC_MAP_AUX2,0,6,exclude,,RC simulation is not part of this wrapper
RC_MAP_AUX3,0,6,exclude,,RC simulation is not part of this wrapper
RC_MAP_AUX4,0,6,exclude,,RC simulation is not part of this wrapper
RC_MAP_AUX5,0,6,exclude,,RC simulation is not part of this wrapper
RC_MAP_AUX6,0,6,exclude,,RC simulation is not part of this wrapper
RC_MAP_FAILSAFE,0,6,exclude,,RC simulation is not part of this wrapper
RC_MAP_FLAPS,0,6,exclude,,RC simulation is not part of this wrapper
RC_MAP_FLTMODE,7,6,exclude,,RC simulation is not part of this wrapper
RC_MAP_GEAR_SW,0,6,exclude,,RC simulation is not part of this wrapper
RC_MAP_KILL_SW,6,6,exclude,,RC simulation is not part of this wrapper
RC_MAP_LOITER_SW,0,6,exclude,,RC simulation is not part of this wrapper
RC_MAP_MAN_SW,0,6,exclude,,RC simulation is not part of this wrapper
RC_MAP_MODE_SW,0,6,exclude,,RC simulation is not part of this wrapper
RC_MAP_OFFB_SW,8,6,exclude,,RC simulation is not part of this wrapper
RC_MAP_PARAM1,0,6,exclude,,RC simulation is not part of this wrapper
RC_MAP_PARAM2,0,6,exclude,,RC simulation is not part of this wrapper
RC_MAP_PARAM3,0,6,exclude,,RC simulation is not part of this wrapper
RC_MAP_PITCH,2,6,exclude,,RC simulation is not part of this wrapper
RC_MAP_POSCTL_SW,0,6,exclude,,RC simulation is not part of this wrapper
RC_MAP_RATT_SW,0,6,exclude,,RC simulation is not part of this wrapper
RC_MAP_RETURN_SW,0,6,exclude,,RC simulation is not part of this wrapper
RC_MAP_ROLL,1,6,exclude,,RC simulation is not part of this wrapper
RC_MAP_STAB_SW,0,6,exclude,,RC simulation is not part of this wrapper
RC_MAP_THROTTLE,3,6,exclude,,RC simulation is not part of this wrapper
RC_MAP_TRANS_SW,7,6,exclude,,RC simulation is not part of this wrapper
RC_MAP_YAW,4,6,exclude,,RC simulation is not part of this wrapper
RC_OFFB_TH,0.750000000000000000,9,exclude,,RC simulation is not part of this wrapper
RC_POSCTL_TH,0.750000000000000000,9,exclude,,RC simulation is not part of this wrapper
RC_RETURN_TH,0.750000000000000000,9,exclude,,RC simulation is not part of this wrapper
RC_RSSI_PWM_CHAN,0,6,exclude,,RC simulation is not part of this wrapper
RC_RSSI_PWM_MAX,2000,6,exclude,,RC simulation is not part of this wrapper
RC_RSSI_PWM_MIN,1000,6,exclude,,RC simulation is not part of this wrapper
RC_STAB_TH,0.500000000000000000,9,exclude,,RC simulation is not part of this wrapper
RC_TRANS_TH,0.750000000000000000,9,exclude,,RC simulation is not part of this wrapper
RTL_CONE_ANG,45,6,exclude,,not selected by FS150 SITL policy
RTL_DESCEND_ALT,20.000000000000000000,9,exclude,,not selected by FS150 SITL policy
RTL_FLT_TIME,15.000000000000000000,9,exclude,,not selected by FS150 SITL policy
RTL_LAND_DELAY,60.000000000000000000,9,exclude,,not selected by FS150 SITL policy
RTL_LOITER_RAD,50.000000000000000000,9,exclude,,not selected by FS150 SITL policy
RTL_MIN_DIST,10.000000000000000000,9,exclude,,not selected by FS150 SITL policy
RTL_PLD_MD,0,6,exclude,,not selected by FS150 SITL policy
RTL_RETURN_ALT,20.000000000000000000,9,exclude,,not selected by FS150 SITL policy
RTL_TYPE,0,6,exclude,,not selected by FS150 SITL policy
SDLOG_BOOT_BAT,0,6,exclude,,logging/storage policy is not part of the flight-model overlay
SDLOG_DIRS_MAX,0,6,exclude,,logging/storage policy is not part of the flight-model overlay
SDLOG_MISSION,0,6,exclude,,logging/storage policy is not part of the flight-model overlay
SDLOG_MODE,0,6,exclude,,logging/storage policy is not part of the flight-model overlay
SDLOG_PROFILE,1023,6,exclude,,logging/storage policy is not part of the flight-model overlay
SDLOG_UTC_OFFSET,0,6,exclude,,logging/storage policy is not part of the flight-model overlay
SDLOG_UUID,1,6,exclude,,logging/storage policy is not part of the flight-model overlay
SENS_BARO_QNH,1013.250000000000000000,9,exclude,,board/sensor hardware setup belongs to the simulator
SENS_BARO_RATE,20.000000000000000000,9,exclude,,board/sensor hardware setup belongs to the simulator
SENS_BOARD_ROT,12,6,exclude,,board/sensor hardware setup belongs to the simulator
SENS_BOARD_X_OFF,1.810900926589965820,9,exclude,,board/sensor hardware setup belongs to the simulator
SENS_BOARD_Y_OFF,-0.249950870871543884,9,exclude,,board/sensor hardware setup belongs to the simulator
SENS_BOARD_Z_OFF,0.000000000000000000,9,exclude,,board/sensor hardware setup belongs to the simulator
SENS_CM8JL65_CFG,0,6,exclude,,board/sensor hardware setup belongs to the simulator
SENS_DPRES_OFF,0.000000000000000000,9,exclude,,board/sensor hardware setup belongs to the simulator
SENS_EN_LL40LS,0,6,exclude,,board/sensor hardware setup belongs to the simulator
SENS_EN_MB12XX,0,6,exclude,,board/sensor hardware setup belongs to the simulator
SENS_EN_MPDT,0,6,exclude,,board/sensor hardware setup belongs to the simulator
SENS_EN_PAW3902,0,6,exclude,,board/sensor hardware setup belongs to the simulator
SENS_EN_PGA460,0,6,exclude,,board/sensor hardware setup belongs to the simulator
SENS_EN_PMW3901,0,6,exclude,,board/sensor hardware setup belongs to the simulator
SENS_EN_PX4FLOW,0,6,exclude,,board/sensor hardware setup belongs to the simulator
SENS_EN_SF1XX,0,6,exclude,,board/sensor hardware setup belongs to the simulator
SENS_EN_THERMAL,-1,6,exclude,,board/sensor hardware setup belongs to the simulator
SENS_EN_TRANGER,0,6,exclude,,board/sensor hardware setup belongs to the simulator
SENS_EN_VL53L1X,0,6,exclude,,board/sensor hardware setup belongs to the simulator
SENS_EXT_I2C_PRB,1,6,exclude,,board/sensor hardware setup belongs to the simulator
SENS_FLOW_MAXHGT,3.000000000000000000,9,exclude,,board/sensor hardware setup belongs to the simulator
SENS_FLOW_MAXR,2.500000000000000000,9,exclude,,board/sensor hardware setup belongs to the simulator
SENS_FLOW_MINHGT,0.699999988079071045,9,exclude,,board/sensor hardware setup belongs to the simulator
SENS_FLOW_ROT,0,6,exclude,,board/sensor hardware setup belongs to the simulator
SENS_GPS_MASK,0,6,exclude,,board/sensor hardware setup belongs to the simulator
SENS_GPS_PRIME,0,6,exclude,,board/sensor hardware setup belongs to the simulator
SENS_GPS_TAU,10.000000000000000000,9,exclude,,board/sensor hardware setup belongs to the simulator
SENS_IMU_MODE,0,6,exclude,,board/sensor hardware setup belongs to the simulator
SENS_LEDDAR1_CFG,0,6,exclude,,board/sensor hardware setup belongs to the simulator
SENS_MAG_MODE,1,6,exclude,,board/sensor hardware setup belongs to the simulator
SENS_MAG_RATE,50.000000000000000000,9,exclude,,board/sensor hardware setup belongs to the simulator
SENS_SF0X_CFG,0,6,exclude,,board/sensor hardware setup belongs to the simulator
SENS_TFLOW_CFG,0,6,exclude,,board/sensor hardware setup belongs to the simulator
SENS_TFMINI_CFG,0,6,exclude,,board/sensor hardware setup belongs to the simulator
SENS_ULAND_CFG,0,6,exclude,,board/sensor hardware setup belongs to the simulator
SENS_UWB_CFG,201,6,exclude,,board/sensor hardware setup belongs to the simulator
SENS_ZYFLOW_CFG,0,6,exclude,,board/sensor hardware setup belongs to the simulator
SER_TEL1_BAUD,921600,6,exclude,,serial/GPS/UAVCAN device ownership is not portable in SITL
SER_TEL2_BAUD,115200,6,exclude,,serial/GPS/UAVCAN device ownership is not portable in SITL
SYS_AUTOCONFIG,0,6,exclude,,not selected by FS150 SITL policy
SYS_AUTOSTART,4011,6,exclude,,airframe/model identity belongs to PX4 SITL runtime
SYS_BL_UPDATE,0,6,exclude,,not selected by FS150 SITL policy
SYS_CAL_ACCEL,0,6,exclude,,not selected by FS150 SITL policy
SYS_CAL_BARO,0,6,exclude,,not selected by FS150 SITL policy
SYS_CAL_GYRO,0,6,exclude,,not selected by FS150 SITL policy
SYS_CAL_TDEL,24,6,exclude,,not selected by FS150 SITL policy
SYS_CAL_TMAX,10,6,exclude,,not selected by FS150 SITL policy
SYS_CAL_TMIN,5,6,exclude,,not selected by FS150 SITL policy
SYS_FAC_CAL_MODE,0,6,exclude,,not selected by FS150 SITL policy
SYS_FAILURE_EN,0,6,exclude,,not selected by FS150 SITL policy
SYS_HAS_BARO,1,6,exclude,,not selected by FS150 SITL policy
SYS_HAS_GPS,1,6,exclude,,not selected by FS150 SITL policy
SYS_HAS_MAG,1,6,exclude,,not selected by FS150 SITL policy
SYS_HITL,0,6,exclude,,not selected by FS150 SITL policy
SYS_MC_EST_GROUP,2,6,exclude,,not selected by FS150 SITL policy
SYS_RESTART_TYPE,2,6,exclude,,not selected by FS150 SITL policy
SYS_STCK_EN,1,6,exclude,,not selected by FS150 SITL policy
SYS_VEHICLE_RESP,-0.400000005960464478,9,exclude,,not selected by FS150 SITL policy
SYS_ZY_CTRL_EN,1,6,exclude,,not selected by FS150 SITL policy
SYS_ZY_UART_EN,0,6,exclude,,not selected by FS150 SITL policy
TC_A_ENABLE,0,6,exclude,,not selected by FS150 SITL policy
TC_B_ENABLE,0,6,exclude,,not selected by FS150 SITL policy
TC_G_ENABLE,0,6,exclude,,not selected by FS150 SITL policy
TEL_BST_EN,0,6,exclude,,not selected by FS150 SITL policy
TEL_FRSKY_CONFIG,0,6,exclude,,not selected by FS150 SITL policy
TEL_HOTT_CONFIG,0,6,exclude,,not selected by FS150 SITL policy
THR_MDL_FAC,0.000000000000000000,9,exclude,,not selected by FS150 SITL policy
TRIG_MODE,0,6,exclude,,not selected by FS150 SITL policy
UAVCAN_BAT_MON,0,6,exclude,,serial/GPS/UAVCAN device ownership is not portable in SITL
UAVCAN_BITRATE,1000000,6,exclude,,serial/GPS/UAVCAN device ownership is not portable in SITL
UAVCAN_ENABLE,2,6,exclude,,serial/GPS/UAVCAN device ownership is not portable in SITL
UAVCAN_ESC_IDLT,1,6,exclude,,serial/GPS/UAVCAN device ownership is not portable in SITL
UAVCAN_LGT_ANTCL,2,6,exclude,,serial/GPS/UAVCAN device ownership is not portable in SITL
UAVCAN_LGT_LAND,0,6,exclude,,serial/GPS/UAVCAN device ownership is not portable in SITL
UAVCAN_LGT_NAV,3,6,exclude,,serial/GPS/UAVCAN device ownership is not portable in SITL
UAVCAN_LGT_STROB,1,6,exclude,,serial/GPS/UAVCAN device ownership is not portable in SITL
UAVCAN_NODE_ID,1,6,exclude,,serial/GPS/UAVCAN device ownership is not portable in SITL
UAVCAN_RNG_MAX,200.000000000000000000,9,exclude,,serial/GPS/UAVCAN device ownership is not portable in SITL
UAVCAN_RNG_MIN,0.300000011920928955,9,exclude,,serial/GPS/UAVCAN device ownership is not portable in SITL
VT_B_DEC_MSS,2.000000000000000000,9,exclude,,not selected by FS150 SITL policy
VT_B_REV_DEL,0.000000000000000000,9,exclude,,not selected by FS150 SITL policy
WV_EN,0,6,exclude,,not selected by FS150 SITL policy
COM_RC_IN_MODE,1,6,include,sitl_override,PX4 SITL has no physical RC receiver; joystick/no-RC checks matches headless simulation.
COM_RCL_EXCEPT,4,6,include,sitl_override,Ignore RC loss in Offboard so algorithm tests do not depend on a physical transmitter.
